Date,Open,High,Low,Close,Adj Close,Volume,finbert_sentiment_score
2018-11-13,52.16450119018555,52.83024978637695,51.557498931884766,51.8025016784668,51.8025016784668,30274000,0.4286847710609436
2018-11-14,52.5,52.72819900512695,51.54999923706055,52.18299865722656,52.18299865722656,31318000,0.4769538342952728
2018-11-15,52.23550033569336,53.592498779296875,51.5890007019043,53.23550033569336,53.23550033569336,36722000,-0.22473864257335663
2018-11-16,52.97050094604492,53.349998474121094,52.44900131225586,53.074501037597656,53.074501037597656,33162000,-0.011792153120040894
2018-11-19,52.86000061035156,53.03950119018555,50.8129997253418,51.0,51.0,37172000,-0.9724951386451721
2018-11-20,50.0,51.58700180053711,49.80099868774414,51.28799819946289,51.28799819946289,48982000,-0.07808884978294373
2018-11-21,51.8380012512207,52.428001403808594,51.673500061035156,51.88050079345703,51.88050079345703,30686000,0.0
2018-11-23,51.5,51.87950134277344,51.11994934082031,51.194000244140625,51.194000244140625,13830000,0.0
2018-11-26,51.91749954223633,52.46549987792969,51.695499420166016,52.430999755859375,52.430999755859375,38856000,-0.2610859473546346
2018-11-27,52.04999923706055,52.87900161743164,51.92449951171875,52.22050094604492,52.22050094604492,36064000,-0.06113325357437134
2018-11-28,52.4379997253418,54.34199905395508,51.78799819946289,54.311500549316406,54.311500549316406,49508000,0.0
2018-11-29,53.80400085449219,54.712249755859375,53.79999923706055,54.415000915527344,54.415000915527344,29378000,0.0
2018-11-30,54.45349884033203,54.778499603271484,53.89400100708008,54.721500396728516,54.721500396728516,51604000,0.0
2018-12-03,56.15700149536133,56.23249816894531,55.183250427246094,55.32149887084961,55.32149887084961,39824000,0.0
2018-12-04,55.15599822998047,55.22100067138672,52.499000549316406,52.54100036621094,52.54100036621094,46904000,0.0
2018-12-06,51.7130012512207,53.560001373291016,51.53850173950195,53.436500549316406,53.436500549316406,55384000,0.0
2018-12-07,53.0004997253418,53.76300048828125,51.42499923706055,51.82899856567383,51.82899856567383,42024000,0.0
2018-12-10,51.752498626708984,52.42250061035156,51.16450119018555,51.977500915527344,51.977500915527344,36154000,-0.4518238306045532
2018-12-11,52.824501037597656,53.029998779296875,51.992000579833984,52.587501525878906,52.587501525878906,27894000,0.2362855076789856
2018-12-12,53.400001525878906,54.08250045776367,53.13949966430664,53.183998107910156,53.183998107910156,30476000,-0.694513738155365
2018-12-13,53.403499603271484,53.987998962402344,52.69649887084961,53.095001220703125,53.095001220703125,26596000,0.0
2018-12-14,52.499000549316406,53.130001068115234,52.03950119018555,52.10499954223633,52.10499954223633,33732000,0.0
2018-12-17,51.8754997253418,52.657501220703125,50.39500045776367,50.826499938964844,50.826499938964844,47708000,-0.398100346326828
2018-12-18,51.304500579833984,52.4739990234375,51.071998596191406,51.43550109863281,51.43550109863281,43850000,0.0
2018-12-19,51.699501037597656,53.099998474121094,50.40250015258789,51.1505012512207,51.1505012512207,49586000,0.0
2018-12-20,50.90650177001953,51.71099853515625,49.81800079345703,50.47050094604492,50.47050094604492,53470000,0.0
2018-12-21,50.76499938964844,51.20100021362305,48.68450164794922,48.97700119018555,48.97700119018555,91920000,0.0
2018-12-24,48.69499969482422,50.176998138427734,48.50550079345703,48.81100082397461,48.81100082397461,31806000,-0.9141489863395691
2018-12-26,49.45050048828125,52.0,49.150001525878906,51.972999572753906,51.972999572753906,47466000,0.0
2018-12-27,50.85749816894531,52.19449996948242,49.849998474121094,52.194000244140625,52.194000244140625,42196000,-0.3236135244369507
2018-12-28,52.48099899291992,52.77799987792969,51.654998779296875,51.854000091552734,51.854000091552734,28296000,0.0
2018-12-31,52.54800033569336,52.6349983215332,51.179500579833984,51.78049850463867,51.78049850463867,29866000,0.0
2019-01-02,50.82849884033203,52.61600112915039,50.785499572753906,52.29249954223633,52.29249954223633,30652000,-0.9677301049232483
2019-01-03,52.04999923706055,52.8489990234375,50.70349884033203,50.803001403808594,50.803001403808594,36822000,0.2938679854075114
2019-01-04,51.62950134277344,53.54199981689453,51.37089920043945,53.535499572753906,53.535499572753906,41878000,0.21461476385593414
2019-01-07,53.57500076293945,53.70000076293945,52.737998962402344,53.419498443603516,53.419498443603516,39638000,0.431023637453715
2019-01-08,53.80550003051758,54.22800064086914,53.0265007019043,53.81399917602539,53.81399917602539,35298000,0.0
2019-01-09,54.08250045776367,54.131500244140625,53.31999969482422,53.733001708984375,53.733001708984375,23986000,0.0
2019-01-10,53.382999420166016,53.557498931884766,52.885501861572266,53.51649856567383,53.51649856567383,29128000,-0.4686530530452728
2019-01-11,53.159000396728516,53.188751220703125,52.42399978637695,52.859500885009766,52.859500885009766,30416000,0.0
2019-01-14,52.34600067138672,52.576499938964844,52.06275177001953,52.234500885009766,52.234500885009766,22886000,-0.6373330056667328
2019-01-15,52.50849914550781,54.002498626708984,52.367000579833984,53.85749816894531,53.85749816894531,29272000,-0.46882107853889465
2019-01-16,54.0,54.618751525878906,53.96699905395508,54.048500061035156,54.048500061035156,26636000,-0.9254754781723022
2019-01-17,53.9734992980957,54.59000015258789,53.67499923706055,54.494998931884766,54.494998931884766,24854000,-0.10705474019050598
2019-01-18,55.0,55.417598724365234,54.54499816894531,54.91299819946289,54.91299819946289,39112000,0.0
2019-01-22,54.400001525878906,54.57550048828125,53.173500061035156,53.5260009765625,53.5260009765625,32270000,0.14869619607925416
2019-01-23,53.86750030517578,54.246498107910156,52.98749923706055,53.778499603271484,53.778499603271484,19340000,0.0
2019-01-24,53.82400131225586,53.973751068115234,53.03499984741211,53.69499969482422,53.69499969482422,27226000,-0.4545135498046875
2019-01-25,54.25,54.70000076293945,54.090999603271484,54.54949951171875,54.54949951171875,22382000,0.0
2019-01-28,54.00550079345703,54.150001525878906,53.189998626708984,53.50400161743164,53.50400161743164,25686000,0.3104153573513031
2019-01-29,53.63399887084961,53.75749969482422,52.793251037597656,53.03099822998047,53.03099822998047,20436000,0.8397872447967529
2019-01-30,53.42150115966797,54.54999923706055,53.342498779296875,54.452999114990234,54.452999114990234,25596000,0.0
2019-01-31,55.150001525878906,55.86650085449219,54.77050018310547,55.81850051879883,55.81850051879883,30766000,-0.4551098545392354
2019-02-01,55.619998931884766,56.25,55.24449920654297,55.537498474121094,55.537498474121094,29244000,-0.11929503083229065
2019-02-04,55.632999420166016,56.63999938964844,55.45100021362305,56.63999938964844,56.63999938964844,51530000,0.2883215665817261
2019-02-05,56.242000579833984,57.342498779296875,55.86240005493164,57.29949951171875,57.29949951171875,71044000,0.30475591288672554
2019-02-06,56.97850036621094,57.349998474121094,55.63850021362305,55.76150131225586,55.76150131225586,42112000,0.44646790623664856
2019-02-07,55.20800018310547,55.242000579833984,54.29999923706055,54.93550109863281,54.93550109863281,40896000,-0.2804710268974304
2019-02-08,54.349998474121094,54.945499420166016,54.32749938964844,54.75299835205078,54.75299835205078,21516000,0.0
2019-02-11,54.84749984741211,55.29724884033203,54.643001556396484,54.7504997253418,54.7504997253418,21304000,0.0
2019-02-12,55.34000015258789,56.26475143432617,55.29249954223633,56.06850051879883,56.06850051879883,32182000,-0.016305342316627502
2019-02-13,56.2495002746582,56.73649978637695,55.92499923706055,56.007999420166016,56.007999420166016,20996000,0.9283740520477295
2019-02-14,55.90250015258789,56.4114990234375,55.52225112915039,56.083499908447266,56.083499908447266,18952000,-0.3109539747238159
2019-02-15,56.50400161743164,56.583499908447266,55.532501220703125,55.682498931884766,55.682498931884766,28996000,0.0
2019-02-19,55.5,56.09450149536133,55.5,55.928001403808594,55.928001403808594,20928000,0.8263931274414062
2019-02-20,55.9995002746582,56.170501708984375,55.263999938964844,55.689998626708984,55.689998626708984,21756000,0.0
2019-02-21,55.54199981689453,55.59700012207031,54.625999450683594,54.8484992980957,54.8484992980957,28302000,-0.35704879760742186
2019-02-22,55.04499816894531,55.5620002746582,54.779998779296875,55.51850128173828,55.51850128173828,20990000,-0.7845193147659302
2019-02-25,55.79999923706055,55.926998138427734,55.36349868774414,55.470001220703125,55.470001220703125,28262000,0.0
2019-02-26,55.287498474121094,55.97549819946289,54.99599838256836,55.756500244140625,55.756500244140625,29426000,-0.12439993023872375
2019-02-27,55.34749984741211,55.89899826049805,55.04999923706055,55.8025016784668,55.8025016784668,19368000,-0.9489498734474182
2019-02-28,55.564998626708984,56.38249969482422,55.550498962402344,55.99599838256836,55.99599838256836,30850000,0.0
2019-03-01,56.244998931884766,57.14849853515625,56.23749923706055,57.04949951171875,57.04949951171875,29006000,0.0
2019-03-04,57.3494987487793,57.91400146484375,56.53450012207031,57.38999938964844,57.38999938964844,28920000,0.8927621245384216
2019-03-05,57.50299835205078,58.480499267578125,57.309749603271484,58.10150146484375,58.10150146484375,28864000,0.0
2019-03-06,58.1245002746582,58.378299713134766,57.77450180053711,57.893001556396484,57.893001556396484,21986000,0.0
2019-03-07,57.7859992980957,57.83774948120117,56.74549865722656,57.165000915527344,57.165000915527344,23332000,0.0
2019-03-08,56.33649826049805,57.354000091552734,56.165000915527344,57.11600112915039,57.11600112915039,24248000,0.0
2019-03-11,57.22249984741211,58.80950164794922,57.22249984741211,58.78799819946289,58.78799819946289,34384000,0.0
2019-03-12,58.91299819946289,60.0,58.91299819946289,59.65999984741211,59.65999984741211,40262000,0.9025535583496094
2019-03-13,60.032249450683594,60.04650115966797,59.59700012207031,59.66600036621094,59.66600036621094,28718000,0.0
2019-03-14,59.72549819946289,59.89400100708008,59.2239990234375,59.27750015258789,59.27750015258789,23456000,0.0
2019-03-15,59.66899871826172,59.82849884033203,59.13050079345703,59.222999572753906,59.222999572753906,49236000,0.0
2019-03-18,59.165000915527344,59.5,58.87105178833008,59.2130012512207,59.2130012512207,25852000,0.0
2019-03-19,59.44049835205078,60.0,59.29349899291992,59.942501068115234,59.942501068115234,30414000,0.0
2019-03-20,59.86750030517578,61.356998443603516,59.80849838256836,61.19850158691406,61.19850158691406,44548000,-0.3995385318994522
2019-03-21,60.79999923706055,61.589500427246094,60.657501220703125,61.57699966430664,61.57699966430664,24080000,0.0
2019-03-22,61.316001892089844,61.5,60.14125061035156,60.275001525878906,60.275001525878906,34284000,0.0
2019-03-25,59.846500396728516,60.31990051269531,59.35200119018555,59.650001525878906,59.650001525878906,29936000,0.0
2019-03-26,59.92649841308594,60.14149856567383,58.83599853515625,59.23099899291992,59.23099899291992,38024000,0.31582685311635333
2019-03-27,59.275001525878906,59.37794876098633,57.96849822998047,58.6510009765625,58.6510009765625,28004000,-0.4676121175289154
2019-03-28,58.57699966430664,58.578250885009766,57.97154998779297,58.42449951171875,58.42449951171875,19234000,0.0
2019-03-29,58.744998931884766,58.949501037597656,58.14400100708008,58.66550064086914,58.66550064086914,25398000,0.0
2019-04-01,59.20500183105469,59.83300018310547,59.099998474121094,59.721500396728516,59.721500396728516,25050000,0.0
2019-04-02,59.76599884033203,60.067501068115234,59.285499572753906,60.02450180053711,60.02450180053711,16558000,0.47166943550109863
2019-04-03,60.374000549316406,60.814998626708984,60.025001525878906,60.29600143432617,60.29600143432617,20286000,0.0
2019-04-04,60.297000885009766,60.78350067138672,60.20650100708008,60.75,60.75,19000000,-0.7851393222808838
2019-04-05,60.7495002746582,60.81100082397461,60.25149917602539,60.35749816894531,60.35749816894531,18144000,0.0
2019-04-08,60.394500732421875,60.43450164794922,59.99300003051758,60.19200134277344,60.19200134277344,17204000,0.5842646360397339
2019-04-09,59.79999923706055,60.114498138427734,59.65399932861328,59.86249923706055,59.86249923706055,17528000,0.5053860247135162
2019-04-10,60.034000396728516,60.18925094604492,59.82175064086914,60.108001708984375,60.108001708984375,14492000,0.23147623240947723
2019-04-11,60.198001861572266,60.39799880981445,60.006500244140625,60.23099899291992,60.23099899291992,14204000,0.0
2019-04-12,60.5,60.91749954223633,60.40549850463867,60.89350128173828,60.89350128173828,18668000,0.0
2019-04-15,60.900001525878906,61.209999084472656,60.455501556396484,61.05500030517578,61.05500030517578,23748000,0.8381079435348511
2019-04-16,61.25,61.54100036621094,61.00600051879883,61.35649871826172,61.35649871826172,17126000,0.0
2019-04-17,61.650001525878906,62.02799987792969,61.39099884033203,61.81700134277344,61.81700134277344,24438000,0.0
2019-04-18,61.95899963378906,62.099998474121094,61.730499267578125,61.81850051879883,61.81850051879883,26636000,0.0
2019-04-22,61.79949951171875,62.454498291015625,61.41550064086914,62.44200134277344,62.44200134277344,16146000,0.0
2019-04-23,62.53450012207031,63.45000076293945,62.319000244140625,63.227500915527344,63.227500915527344,26398000,0.232158362865448
2019-04-24,63.20600128173828,63.4005012512207,62.75,62.79999923706055,62.79999923706055,20376000,0.3566626310348511
2019-04-25,63.23849868774414,63.370399475097656,62.60150146484375,63.17250061035156,63.17250061035156,22146000,0.0
2019-04-26,63.45000076293945,63.653499603271484,63.01599884033203,63.60900115966797,63.60900115966797,24828000,0.5829375386238098
2019-04-29,63.70000076293945,64.4635009765625,63.31475067138672,64.37899780273438,64.37899780273438,49988000,-0.12588370930064807
2019-04-30,59.25,59.640499114990234,58.75,59.42399978637695,59.42399978637695,124140000,-0.45309223532676696
2019-05-01,59.40250015258789,59.40250015258789,58.35900115966797,58.40399932861328,58.40399932861328,52784000,-0.19207603931427003
2019-05-02,58.38800048828125,58.70949935913086,57.750099182128906,58.13050079345703,58.13050079345703,38896000,-0.15333199501037598
2019-05-03,58.682498931884766,59.34000015258789,58.45000076293945,59.27000045776367,59.27000045776367,39614000,0.0
2019-05-06,58.3129997253418,59.54249954223633,58.3129997253418,59.46950149536133,59.46950149536133,31278000,-0.021242260932922363
2019-05-07,59.02349853515625,59.52199935913086,58.051998138427734,58.70500183105469,58.70500183105469,31028000,0.0
2019-05-08,58.60049819946289,59.02119827270508,58.2869987487793,58.313499450683594,58.313499450683594,26186000,-0.2403428554534912
2019-05-09,57.951499938964844,58.483001708984375,57.54249954223633,58.11899948120117,58.11899948120117,23714000,-0.9709004163742065
2019-05-10,58.179500579833984,58.630001068115234,57.125,58.2135009765625,58.2135009765625,26290000,0.0
2019-05-13,57.097999572753906,57.39699935913086,56.105499267578125,56.60150146484375,56.60150146484375,37212000,0.0
2019-05-14,56.86050033569336,57.020999908447266,55.977500915527344,56.02199935913086,56.02199935913086,36732000,0.0
2019-05-15,55.89350128173828,58.56650161743164,55.83330154418945,58.21049880981445,58.21049880981445,45786000,0.17958580596106394
2019-05-16,58.22549819946289,59.40800094604492,58.141998291015625,58.94900131225586,58.94900131225586,30628000,0.9178949892520905
2019-05-17,58.423500061035156,59.00749969482422,58.0004997253418,58.1150016784668,58.1150016784668,24172000,-0.22320932149887085
2019-05-20,57.224998474121094,57.33985137939453,56.57215118408203,56.942501068115234,56.942501068115234,27066000,-0.4802051782608032
2019-05-21,57.42449951171875,57.635398864746094,56.89699935913086,57.48149871826172,57.48149871826172,23196000,0.47498299678166706
2019-05-22,57.337501525878906,57.92599868774414,57.294498443603516,57.57099914550781,57.57099914550781,18290000,0.023705923557281496
2019-05-23,57.025001525878906,57.298648834228516,56.46120071411133,57.03850173950195,57.03850173950195,23978000,-0.15656266609827676
2019-05-24,57.36800003051758,57.488250732421875,56.58300018310547,56.673500061035156,56.673500061035156,22240000,-0.5834543704986572
2019-05-28,56.70000076293945,57.579349517822266,56.65599822998047,56.70750045776367,56.70750045776367,27300000,0.0
2019-05-29,56.375999450683594,56.45500183105469,55.4109992980957,55.823001861572266,55.823001861572266,30764000,-0.27127424875895184
2019-05-30,55.777000427246094,56.15650177001953,55.60599899291992,55.897499084472656,55.897499084472656,19038000,0.0
2019-05-31,55.06449890136719,55.47999954223633,55.00899887084961,55.18149948120117,55.18149948120117,30156000,-0.4776068925857544
2019-06-03,53.275001525878906,53.275001525878906,51.25,51.811500549316406,51.811500549316406,102612000,-0.11169697841008504
2019-06-04,52.14500045776367,52.8025016784668,51.68450164794922,52.65250015258789,52.65250015258789,56670000,0.0
2019-06-05,52.57699966430664,52.6775016784668,51.52450180053711,52.111000061035156,52.111000061035156,43368000,0.0
2019-06-06,52.2495002746582,52.3745002746582,51.685001373291016,52.21699905395508,52.21699905395508,34064000,0.0
2019-06-07,52.53150177001953,53.54600143432617,52.41999816894531,53.301998138427734,53.301998138427734,36048000,0.16099631786346436
2019-06-10,53.64899826049805,54.632999420166016,53.6161003112793,54.01900100708008,54.01900100708008,29284000,0.19014551242192587
2019-06-11,54.69900131225586,55.0994987487793,53.880149841308594,53.93600082397461,53.93600082397461,28734000,-0.2988516589005788
2019-06-12,53.900001525878906,54.04650115966797,53.37699890136719,53.85150146484375,53.85150146484375,21220000,0.9031335711479187
2019-06-13,54.18199920654297,54.708499908447266,54.00749969482422,54.438499450683594,54.438499450683594,21154000,-0.11955960839986801
2019-06-14,54.32099914550781,54.634498596191406,54.00859832763672,54.26750183105469,54.26750183105469,22230000,0.0
2019-06-17,54.31399917602539,54.95899963378906,54.31399917602539,54.625,54.625,18832000,0.0
2019-06-18,55.484500885009766,55.81949996948242,54.949501037597656,55.18000030517578,55.18000030517578,27734000,0.11661437153816223
2019-06-19,55.279998779296875,55.349998474121094,54.67399978637695,55.11650085449219,55.11650085449219,26776000,0.0
2019-06-20,55.9995002746582,56.00600051879883,55.23699951171875,55.57099914550781,55.57099914550781,25240000,-0.10428573687871297
2019-06-21,55.46200180053711,56.205501556396484,55.40399932861328,56.09400177001953,56.09400177001953,38952000,0.31646867593129474
2019-06-24,55.980499267578125,56.099998474121094,55.550498962402344,55.7760009765625,55.7760009765625,27912000,-0.3581932932138443
2019-06-25,55.632999420166016,55.717498779296875,54.189998626708984,54.317501068115234,54.317501068115234,30938000,-0.4904503623644511
2019-06-26,54.32500076293945,54.64849853515625,53.61199951171875,53.9900016784668,53.9900016784668,36218000,0.025969038407007854
2019-06-27,54.20000076293945,54.35499954223633,53.76449966430664,53.800498962402344,53.800498962402344,20086000,-0.26525449752807617
2019-06-28,53.81949996948242,54.04999923706055,53.66849899291992,54.045501708984375,54.045501708984375,33864000,0.0
2019-07-01,54.900001525878906,55.37900161743164,54.685150146484375,54.897499084472656,54.897499084472656,28726000,-0.28734639286994934
2019-07-02,55.11199951171875,55.5885009765625,54.90850067138672,55.5625,55.5625,19832000,0.0
2019-07-03,55.87049865722656,56.3380012512207,55.69300079345703,56.07899856567383,56.07899856567383,15340000,0.0
2019-07-05,55.88999938964844,56.64400100708008,55.80699920654297,56.579498291015625,56.579498291015625,25286000,0.0
2019-07-08,56.25849914550781,56.29899978637695,55.56050109863281,55.817501068115234,55.817501068115234,24728000,0.6290650963783264
2019-07-09,55.59000015258789,56.401248931884766,55.35850143432617,56.24150085449219,56.24150085449219,26608000,0.0
2019-07-10,56.56100082397461,57.102500915527344,56.548500061035156,57.02399826049805,57.02399826049805,24190000,0.0
2019-07-11,57.162498474121094,57.653499603271484,56.979000091552734,57.21049880981445,57.21049880981445,23910000,-0.44509185552597047
2019-07-12,57.199501037597656,57.367000579833984,56.93899917602539,57.244998931884766,57.244998931884766,17280000,0.0
2019-07-15,57.34299850463867,57.54100036621094,56.970001220703125,57.516998291015625,57.516998291015625,18076000,-0.8585890531539917
2019-07-16,57.29999923706055,57.92900085449219,57.25,57.67900085449219,57.67900085449219,24776000,0.0
2019-07-17,57.548500061035156,57.917999267578125,57.28850173950195,57.317501068115234,57.317501068115234,23400000,0.2175603151321411
2019-07-18,57.08700180053711,57.3802490234375,56.63650131225586,57.31650161743164,57.31650161743164,25814000,-0.4623176157474518
2019-07-19,57.40950012207031,57.55699920654297,56.48099899291992,56.505001068115234,56.505001068115234,32944000,0.09795345862706502
2019-07-22,56.67250061035156,56.962501525878906,56.21200180053711,56.903499603271484,56.903499603271484,26030000,0.0
2019-07-23,57.20000076293945,57.345001220703125,56.59000015258789,57.31050109863281,57.31050109863281,21874000,-0.32359568277994794
2019-07-24,56.595001220703125,57.20000076293945,56.3494987487793,56.890499114990234,56.890499114990234,31796000,-0.8066196441650391
2019-07-25,56.89099884033203,57.084999084472656,56.04600143432617,56.60599899291992,56.60599899291992,44196000,0.15975178480148317
2019-07-26,61.20199966430664,63.27750015258789,61.20000076293945,62.52050018310547,62.52050018310547,96116000,0.16865937709808348
2019-07-29,62.0525016784668,62.368499755859375,61.4114990234375,61.97050094604492,61.97050094604492,44474000,0.0
2019-07-30,61.27050018310547,61.743499755859375,61.165000915527344,61.25699996948242,61.25699996948242,29066000,-0.2187941571076711
2019-07-31,61.150001525878906,61.70000076293945,60.38819885253906,60.83399963378906,60.83399963378906,34510000,0.0
2019-08-01,60.701499938964844,61.705501556396484,60.2859992980957,60.45050048828125,60.45050048828125,33970000,-0.883146345615387
2019-08-02,60.0369987487793,60.345001220703125,59.446998596191406,59.699501037597656,59.699501037597656,32902000,0.0
2019-08-05,58.50199890136719,58.762001037597656,57.00699996948242,57.61600112915039,57.61600112915039,51950000,-0.9716500043869019
2019-08-06,58.16550064086914,58.99800109863281,58.0,58.497501373291016,58.497501373291016,34188000,0.0
2019-08-07,57.79999923706055,58.92224884033203,57.481201171875,58.699501037597656,58.699501037597656,28886000,-0.06820797920227051
2019-08-08,59.14149856567383,60.2504997253418,58.6510009765625,60.2400016784668,60.2400016784668,29360000,0.48743532101313275
2019-08-09,59.89950180053711,60.194000244140625,59.18014907836914,59.4005012512207,59.4005012512207,21314000,0.0
2019-08-12,58.96049880981445,59.24800109863281,58.38359832763672,58.73550033569336,58.73550033569336,20060000,0.0
2019-08-13,58.573001861572266,60.23899841308594,58.573001861572266,59.86349868774414,59.86349868774414,25888000,-0.22053800523281097
2019-08-14,58.81549835205078,59.1150016784668,58.027000427246094,58.214500427246094,58.214500427246094,31574000,0.0
2019-08-15,58.17499923706055,58.79199981689453,58.105499267578125,58.362998962402344,58.362998962402344,24374000,0.0
2019-08-16,58.977500915527344,59.13600158691406,58.59049987792969,58.880001068115234,58.880001068115234,26266000,0.46533772349357605
2019-08-19,59.50450134277344,60.3494987487793,59.50450134277344,59.92250061035156,59.92250061035156,24632000,-0.1873759388923645
2019-08-20,59.76250076293945,59.803001403808594,59.105499267578125,59.134498596191406,59.134498596191406,18310000,0.0
2019-08-21,59.657501220703125,59.95000076293945,59.371498107910156,59.5625,59.5625,14814000,0.0
2019-08-22,59.70349884033203,59.90060043334961,58.92900085449219,59.47650146484375,59.47650146484375,18950000,-0.22675517201423645
2019-08-23,59.0994987487793,59.70399856567383,57.38750076293945,57.56449890136719,57.56449890136719,33740000,-0.9593390822410583
2019-08-26,57.862998962402344,58.4734992980957,57.64799880981445,58.44449996948242,58.44449996948242,24522000,0.4109724909067154
2019-08-27,59.0265007019043,59.119998931884766,58.0724983215332,58.391998291015625,58.391998291015625,21544000,-0.714010089635849
2019-08-28,58.08549880981445,58.82099914550781,57.8650016784668,58.55099868774414,58.55099868774414,16040000,-0.6713935285806656
2019-08-29,59.055999755859375,59.803001403808594,59.055999755859375,59.64250183105469,59.64250183105469,21768000,0.0
2019-08-30,59.92499923706055,59.92499923706055,59.19015121459961,59.404998779296875,59.404998779296875,22596000,0.0
2019-09-03,58.85150146484375,59.34450149536133,58.15999984741211,58.419498443603516,58.419498443603516,29598000,0.0
2019-09-04,58.83549880981445,59.17399978637695,58.54999923706055,59.070499420166016,59.070499420166016,21378000,-0.2180486023426056
2019-09-05,59.576499938964844,60.652000427246094,59.576499938964844,60.569000244140625,60.569000244140625,28162000,0.3764486610889435
2019-09-06,60.40650177001953,60.60074996948242,60.1260986328125,60.246498107910156,60.246498107910156,21442000,-0.20175476372241974
2019-09-09,60.20000076293945,61.0,59.63100051879883,60.22050094604492,60.22050094604492,29438000,-0.1304874505315508
2019-09-10,59.75749969482422,60.5,59.729000091552734,60.29999923706055,60.29999923706055,25202000,0.0
2019-09-11,60.170501708984375,61.130001068115234,60.11000061035156,61.00849914550781,61.00849914550781,26140000,0.0
2019-09-12,61.21500015258789,62.09299850463867,61.1510009765625,61.712501525878906,61.712501525878906,34518000,-0.20280571778615317
2019-09-13,61.567501068115234,62.04399871826172,61.35049819946289,61.97800064086914,61.97800064086914,26028000,0.0
2019-09-16,61.47600173950195,61.97800064086914,61.28049850463867,61.564998626708984,61.564998626708984,21066000,0.0
2019-09-17,61.52000045776367,61.75,61.18450164794922,61.45750045776367,61.45750045776367,19102000,0.0
2019-09-18,61.3754997253418,61.78049850463867,60.826499938964844,61.62049865722656,61.62049865722656,22702000,0.0
2019-09-19,61.60300064086914,62.22200012207031,61.60100173950195,61.93550109863281,61.93550109863281,19920000,0.0
2019-09-20,61.65599822998047,62.16600036621094,61.15399932861328,61.496498107910156,61.496498107910156,45400000,0.7793224453926086
2019-09-23,61.29999923706055,61.954498291015625,61.208499908447266,61.701499938964844,61.701499938964844,21248000,0.0
2019-09-24,62.0,62.33700180053711,60.534000396728516,60.9379997253418,60.9379997253418,31664000,-0.20336025953292847
2019-09-25,60.79100036621094,62.415000915527344,60.50450134277344,62.32600021362305,62.32600021362305,29060000,0.0
2019-09-26,62.097999572753906,62.25,61.613399505615234,62.06949996948242,62.06949996948242,30760000,0.0
2019-09-27,62.1505012512207,62.20100021362305,60.72249984741211,61.25450134277344,61.25450134277344,27078000,0.0
2019-09-30,61.048500061035156,61.29999923706055,60.6150016784668,60.95000076293945,60.95000076293945,28082000,0.0
2019-10-01,60.95000076293945,61.561500549316406,60.17900085449219,60.255001068115234,60.255001068115234,25470000,0.0
2019-10-02,59.8489990234375,59.8489990234375,58.56449890136719,58.83150100708008,58.83150100708008,32302000,-0.19050777951876322
2019-10-03,59.0,59.452999114990234,58.121498107910156,59.39149856567383,59.39149856567383,32424000,0.0
2019-10-04,59.59450149536133,60.571998596191406,59.458499908447266,60.45000076293945,60.45000076293945,23248000,0.0
2019-10-07,60.220001220703125,60.91019821166992,60.1875,60.38399887084961,60.38399887084961,16858000,0.0
2019-10-08,59.87950134277344,60.30400085449219,59.45050048828125,59.45650100708008,59.45650100708008,20786000,0.0
2019-10-09,59.967498779296875,60.41749954223633,59.881500244140625,60.115501403808594,60.115501403808594,17354000,0.0
2019-10-10,59.92900085449219,60.75,59.867000579833984,60.43349838256836,60.43349838256836,16932000,-0.9152297973632812
2019-10-11,61.11050033569336,61.419498443603516,60.6870002746582,60.772499084472656,60.772499084472656,25454000,0.0
2019-10-14,60.617000579833984,61.31650161743164,60.5880012512207,60.856998443603516,60.856998443603516,17350000,0.8738552331924438
2019-10-15,61.02000045776367,62.36650085449219,61.02000045776367,62.1505012512207,62.1505012512207,27634000,0.20047881454229355
2019-10-16,62.05849838256836,62.73699951171875,61.92250061035156,62.18199920654297,62.18199920654297,21892000,-0.36719319224357605
2019-10-17,62.54650115966797,63.1662483215332,62.49700164794922,62.653499603271484,62.653499603271484,19048000,0.0
2019-10-18,62.67300033569336,62.94449996948242,62.05400085449219,62.27450180053711,62.27450180053711,27056000,0.9441646337509155
2019-10-21,62.612998962402344,62.731449127197266,62.029998779296875,62.307498931884766,62.307498931884766,20544000,0.0
2019-10-22,62.39250183105469,62.529998779296875,62.069000244140625,62.13999938964844,62.13999938964844,20476000,0.5342411994934082
2019-10-23,62.11800003051758,62.99449920654297,62.11800003051758,62.95650100708008,62.95650100708008,18230000,0.20601917803287506
2019-10-24,63.04499816894531,63.20000076293945,62.68574905395508,63.04949951171875,63.04949951171875,20562000,0.0
2019-10-25,62.55149841308594,63.47999954223633,62.5004997253418,63.256500244140625,63.256500244140625,24262000,0.0
2019-10-28,63.772499084472656,64.96549987792969,63.62699890136719,64.5,64.5,52264000,-0.059910989469952054
2019-10-29,63.811500549316406,64.07949829101562,62.860599517822266,63.13100051879883,63.13100051879883,37728000,0.06655043363571167
2019-10-30,62.64849853515625,63.46799850463867,62.599998474121094,63.06449890136719,63.06449890136719,28178000,0.0
2019-10-31,63.06399917602539,63.38349914550781,62.54214859008789,63.00550079345703,63.00550079345703,29114000,0.08347323536872864
2019-11-01,63.25,63.73099899291992,63.025001525878906,63.6870002746582,63.6870002746582,33402000,0.0
2019-11-04,63.8224983215332,64.70649719238281,63.8177490234375,64.56849670410156,64.56849670410156,30020000,0.0
2019-11-05,64.64450073242188,64.94650268554688,64.56144714355469,64.60150146484375,64.60150146484375,25654000,-0.2129882574081421
2019-11-06,64.4729995727539,64.6865005493164,64.125,64.58999633789062,64.58999633789062,23060000,0.0
2019-11-07,64.71399688720703,66.18699645996094,64.71224975585938,65.44300079345703,65.44300079345703,40600000,-0.1290532350540161
2019-11-08,65.26399993896484,65.9000015258789,65.21824645996094,65.56849670410156,65.56849670410156,25028000,0.0
2019-11-11,65.15899658203125,65.32125091552734,64.87049865722656,64.95950317382812,64.95950317382812,20238000,0.10778455932935078
2019-11-12,65.0,65.5,64.78849792480469,64.94000244140625,64.94000244140625,21718000,0.0
2019-11-13,64.70349884033203,65.21499633789062,64.67549896240234,64.9000015258789,64.9000015258789,16534000,0.0059186915556589765
2019-11-14,64.875,65.8499984741211,64.78250122070312,65.572998046875,65.572998046875,23870000,0.0
2019-11-15,65.9469985961914,66.74400329589844,65.71399688720703,66.74349975585938,66.74349975585938,35652000,0.020114147663116456
2019-11-18,66.61100006103516,66.77645111083984,65.875,66.03500366210938,66.03500366210938,29748000,0.060796260833740234
2019-11-19,66.38500213623047,66.38500213623047,65.63999938964844,65.77300262451172,65.77300262451172,25384000,0.0
2019-11-20,65.58699798583984,65.75,64.55750274658203,65.15249633789062,65.15249633789062,26172000,0.7189748287200928
2019-11-21,65.0739974975586,65.62950134277344,64.6500015258789,65.06749725341797,65.06749725341797,19910000,0.2904503544171651
2019-11-22,65.28099822998047,65.4365005493164,64.57050323486328,64.76699829101562,64.76699829101562,27714000,0.0
2019-11-25,64.95899963378906,65.56549835205078,64.90650177001953,65.33450317382812,65.33450317382812,20724000,-0.35714203119277954
2019-11-26,65.49299621582031,65.73999786376953,65.25450134277344,65.67749786376953,65.67749786376953,21394000,0.11706210672855377
2019-11-27,65.75,65.91799926757812,65.48149871826172,65.64949798583984,65.64949798583984,19912000,0.0
2019-11-29,65.35600280761719,65.51024627685547,65.19850158691406,65.24800109863281,65.24800109863281,11740000,0.0
2019-12-02,65.05000305175781,65.29149627685547,64.05000305175781,64.49600219726562,64.49600219726562,30218000,0.0
2019-12-03,63.97850036621094,64.92304992675781,63.95000076293945,64.76399993896484,64.76399993896484,22876000,0.02583923664959994
2019-12-04,65.35050201416016,66.29000091552734,65.24349975585938,66.0270004272461,66.0270004272461,30750000,-0.036643609404563904
2019-12-05,66.4000015258789,66.46790313720703,65.8219985961914,66.40650177001953,66.40650177001953,24254000,0.939860999584198
2019-12-06,66.6719970703125,67.19999694824219,66.6719970703125,67.03099822998047,67.03099822998047,26296000,0.0
2019-12-09,66.9020004272461,67.97250366210938,66.89199829101562,67.1780014038086,67.1780014038086,27086000,0.0
2019-12-10,67.07499694824219,67.49874877929688,66.802001953125,67.23300170898438,67.23300170898438,21882000,-0.4441617925961812
2019-12-11,67.54199981689453,67.55999755859375,67.13349914550781,67.2509994506836,67.2509994506836,17008000,0.0
2019-12-12,67.2969970703125,67.78874969482422,67.0250015258789,67.51349639892578,67.51349639892578,25620000,0.0
2019-12-13,67.39749908447266,67.65464782714844,67.19349670410156,67.3915023803711,67.3915023803711,30992000,-0.9618300199508667
2019-12-16,67.82499694824219,68.23400115966797,67.63349914550781,68.05850219726562,68.05850219726562,27946000,0.30045483509699505
2019-12-17,68.14450073242188,68.25,67.56614685058594,67.75599670410156,67.75599670410156,37080000,0.0
2019-12-18,67.83000183105469,68.02349853515625,67.55000305175781,67.63099670410156,67.63099670410156,30452000,-0.1352059245109558
2019-12-19,67.59100341796875,67.90499877929688,67.44924926757812,67.802001953125,67.802001953125,29398000,-0.3043857514858246
2019-12-20,68.1675033569336,68.18199920654297,67.44999694824219,67.47949981689453,67.47949981689453,66300000,-0.47048693895339966
2019-12-23,67.79350280761719,67.98999786376953,67.32550048828125,67.44200134277344,67.44200134277344,17662000,0.22348437706629434
2019-12-24,67.42500305175781,67.51300048828125,67.13899993896484,67.1780014038086,67.1780014038086,6950000,0.0
2019-12-26,67.30850219726562,68.06635284423828,67.22350311279297,68.0199966430664,68.0199966430664,13350000,0.33597205877304076
2019-12-27,68.14949798583984,68.22650146484375,67.46549987792969,67.59449768066406,67.59449768066406,20768000,-0.9139232635498047
2019-12-30,67.5,67.6500015258789,66.70099639892578,66.80699920654297,66.80699920654297,21018000,-0.4792024890581767
2019-12-31,66.50550079345703,66.9000015258789,66.4542465209961,66.85099792480469,66.85099792480469,19236000,0.0
2020-01-02,67.07749938964844,68.40699768066406,67.07749938964844,68.36849975585938,68.36849975585938,28132000,0.40936845541000366
2020-01-03,67.39299774169922,68.625,67.2771987915039,68.03299713134766,68.03299713134766,23728000,-0.43514347076416016
2020-01-06,67.5,69.82499694824219,67.5,69.71050262451172,69.71050262451172,34646000,0.31677675247192383
2020-01-07,69.89700317382812,70.14949798583984,69.51899719238281,69.66699981689453,69.66699981689453,30054000,-0.7611076235771179
2020-01-08,69.60399627685547,70.5790023803711,69.54199981689453,70.21600341796875,70.21600341796875,30560000,0.9287952780723572
2020-01-09,71.02850341796875,71.36650085449219,70.51349639892578,70.99150085449219,70.99150085449219,30018000,0.0
2020-01-10,71.37799835205078,71.74645233154297,70.9175033569336,71.48650360107422,71.48650360107422,36414000,0.0
2020-01-13,71.80650329589844,72.0260009765625,71.3010025024414,71.96150207519531,71.96150207519531,33046000,0.9078214764595032
2020-01-14,71.95050048828125,72.08999633789062,71.41850280761719,71.54399871826172,71.54399871826172,31178000,-0.05665323734283447
2020-01-15,71.510498046875,72.06974792480469,71.510498046875,71.95999908447266,71.95999908447266,25654000,0.0
2020-01-16,72.37200164794922,72.59950256347656,72.0459976196289,72.58499908447266,72.58499908447266,23474000,0.23715704679489136
2020-01-17,73.14550018310547,74.06475067138672,72.91100311279297,74.01950073242188,74.01950073242188,47924000,0.2662972552435739
2020-01-21,73.95600128173828,74.59249877929688,73.55999755859375,74.22000122070312,74.22000122070312,40734000,0.0
2020-01-22,74.55000305175781,75.16069793701172,74.24649810791016,74.29750061035156,74.29750061035156,32216000,0.0
2020-01-23,74.38200378417969,74.7760009765625,74.1050033569336,74.3324966430664,74.3324966430664,27024000,0.0
2020-01-24,74.67949676513672,74.77474975585938,73.26249694824219,73.33550262451172,73.33550262451172,35692000,0.0
2020-01-27,71.55000305175781,71.90350341796875,71.05999755859375,71.69499969482422,71.69499969482422,35104000,-0.425681213537852
2020-01-28,72.1500015258789,72.80000305175781,71.62349700927734,72.62799835205078,72.62799835205078,31548000,0.0
2020-01-29,72.94000244140625,73.27149963378906,72.33699798583984,72.93150329589844,72.93150329589844,21554000,-0.9515535533428192
2020-01-30,71.99800109863281,72.86399841308594,71.81999969482422,72.79199981689453,72.79199981689453,26788000,0.0
2020-01-31,73.44499969482422,73.50650024414062,71.42649841308594,71.71150207519531,71.71150207519531,48344000,0.0
2020-02-03,73.0999984741211,74.5,72.94950103759766,74.2969970703125,74.2969970703125,60736000,-0.1833756353173937
2020-02-04,72.85350036621094,73.4749984741211,71.31500244140625,72.35350036621094,72.35350036621094,78660000,0.2935175034734938
2020-02-05,73.12100219726562,73.19200134277344,71.52799987792969,72.4114990234375,72.4114990234375,39724000,0.0
2020-02-06,72.5165023803711,74.0999984741211,72.47850036621094,73.8115005493164,73.8115005493164,33588000,0.1644363005956014
2020-02-07,73.36499786376953,74.29199981689453,73.31749725341797,73.96150207519531,73.96150207519531,23446000,-0.7788711190223694
2020-02-10,73.71600341796875,75.4749984741211,73.71600341796875,75.43399810791016,75.43399810791016,28398000,-0.31097912788391113
2020-02-11,75.59049987792969,76.48149871826172,75.28189849853516,75.43949890136719,75.43949890136719,26892000,-0.0061975618203481036
2020-02-12,75.7239990234375,76.03475189208984,75.40550231933594,75.91349792480469,75.91349792480469,23352000,0.0
2020-02-13,75.6344985961914,76.35900115966797,75.2300033569336,75.73300170898438,75.73300170898438,18590000,0.27811792492866516
2020-02-14,75.77999877929688,76.03700256347656,75.36699676513672,76.03700256347656,76.03700256347656,23956000,0.0
2020-02-18,75.75,76.58149719238281,75.62950134277344,75.9834976196289,75.9834976196289,22414000,-0.11355392634868622
2020-02-19,76.25350189208984,76.60530090332031,76.06999969482422,76.33450317382812,76.33450317382812,18986000,-0.4782443642616272
2020-02-20,76.0999984741211,76.48200225830078,75.34100341796875,75.90750122070312,75.90750122070312,21932000,-0.04016348123550415
2020-02-21,75.40149688720703,75.61074829101562,74.02200317382812,74.25550079345703,74.25550079345703,34634000,-0.09030776364462716
2020-02-24,71.30549621582031,71.84850311279297,70.56950378417969,71.07949829101562,71.07949829101562,57342000,-0.19440786838531493
2020-02-25,71.6500015258789,71.90699768066406,69.12000274658203,69.42250061035156,69.42250061035156,49566000,0.3543334126472473
2020-02-26,69.80699920654297,70.78500366210938,68.94999694824219,69.65899658203125,69.65899658203125,44048000,0.0
2020-02-27,68.10299682617188,68.58519744873047,65.8584976196289,65.90450286865234,65.90450286865234,59566000,-0.15640433629353842
2020-02-28,63.875,67.05699920654297,63.54999923706055,66.96649932861328,66.96649932861328,75782000,-0.32436321179072064
2020-03-02,67.58049774169922,69.54350280761719,66.34075164794922,69.45549774169922,69.45549774169922,48630000,0.0
2020-03-03,69.97100067138672,70.50749969482422,66.5999984741211,67.06950378417969,67.06950378417969,48046000,-0.3560910224914551
2020-03-04,67.96150207519531,69.40450286865234,67.15550231933594,69.32599639892578,69.32599639892578,38266000,0.0
2020-03-05,67.51000213623047,67.94550323486328,65.25499725341797,65.9520034790039,65.9520034790039,51226000,-0.39668595790863037
2020-03-06,63.85300064086914,65.31099700927734,63.0525016784668,64.92050170898438,64.92050170898438,53212000,-0.38059786558151243
2020-03-09,60.26499938964844,62.737998962402344,60.0,60.77799987792969,60.77799987792969,67308000,-0.22270584106445312
2020-03-10,63.0,64.05750274658203,60.938499450683594,64.01950073242188,64.01950073242188,52228000,-0.369264018535614
2020-03-11,62.48500061035156,63.04800033569336,59.80350112915039,60.77050018310547,60.77050018310547,52170000,-0.009322908189561632
2020-03-12,56.29999923706055,59.69350051879883,55.665000915527344,55.74549865722656,55.74549865722656,84534000,-0.6376295288403829
2020-03-13,58.95000076293945,60.987998962402344,55.85715103149414,60.98649978637695,60.98649978637695,74002000,-0.06208732724189758
2020-03-16,54.79999923706055,57.61334991455078,53.72200012207031,54.21649932861328,54.21649932861328,85048000,-0.5742553353309632
2020-03-17,54.65549850463867,56.542999267578125,52.800498962402344,55.9900016784668,55.9900016784668,77230000,-0.2407347857952118
2020-03-18,52.82550048828125,55.32500076293945,51.86399841308594,54.84000015258789,54.84000015258789,84668000,-0.48369725545247394
2020-03-19,54.65250015258789,57.89849853515625,53.005401611328125,55.76449966430664,55.76449966430664,73022000,0.0
2020-03-20,56.7859992980957,57.199501037597656,53.27450180053711,53.61600112915039,53.61600112915039,72036000,-0.33292630314826965
2020-03-23,53.066001892089844,53.566001892089844,50.67679977416992,52.83100128173828,52.83100128173828,80882000,-0.3758448362350464
2020-03-24,55.188499450683594,56.75,54.53099822998047,56.722999572753906,56.722999572753906,66890000,0.03652337789535522
2020-03-25,56.32350158691406,57.44499969482422,54.300498962402344,55.1245002746582,55.1245002746582,81630000,-0.41072840988636017
2020-03-26,55.59000015258789,58.49850082397461,54.67649841308594,58.087501525878906,58.087501525878906,71434000,0.0
2020-03-27,56.28350067138672,57.53350067138672,55.295501708984375,55.535499572753906,55.535499572753906,64170000,0.3148595442374547
2020-03-30,56.25199890136719,57.58150100708008,54.82400131225586,57.340999603271484,57.340999603271484,51482000,-0.6447462638219198
2020-03-31,57.3650016784668,58.765499114990234,56.90700149536133,58.140499114990234,58.140499114990234,49728000,-0.45443040132522583
2020-04-01,56.099998474121094,56.484500885009766,54.872501373291016,55.28099822998047,55.28099822998047,46884000,-0.2873169978459676
2020-04-02,54.91299819946289,56.34299850463867,54.81999969482422,56.04199981689453,56.04199981689453,39298000,-0.21989186108112335
2020-04-03,55.950748443603516,56.176998138427734,53.990501403808594,54.89400100708008,54.89400100708008,46268000,-0.4802604913711548
2020-04-06,56.900001525878906,59.733001708984375,56.547000885009766,59.34600067138672,59.34600067138672,53294000,0.9447356462478638
2020-04-07,61.04999923706055,61.25,59.11149978637695,59.32550048828125,59.32550048828125,47746000,0.36751481890678406
2020-04-08,60.32500076293945,60.95349884033203,59.40800094604492,60.513999938964844,60.513999938964844,39502000,-0.4225318332513173
2020-04-09,61.20399856567383,61.278499603271484,59.83675003051758,60.5724983215332,60.5724983215332,43508000,0.045752063393592834
2020-04-13,60.45899963378906,61.0255012512207,59.37990188598633,60.87799835205078,60.87799835205078,34796000,0.37013237476348876
2020-04-14,62.25450134277344,64.10350036621094,61.846500396728516,63.46149826049805,63.46149826049805,49408000,-0.004281441370646159
2020-04-15,62.28049850463867,64.02300262451172,62.02000045776367,63.12350082397461,63.12350082397461,33434000,-0.30433032910029095
2020-04-16,63.70500183105469,63.95000076293945,62.13100051879883,63.173500061035156,63.173500061035156,50362000,-0.14793530702590943
2020-04-17,64.24250030517578,64.72149658203125,63.561500549316406,64.1624984741211,64.1624984741211,38980000,-0.7360599040985107
2020-04-20,63.54999923706055,64.08000183105469,63.06850051879883,63.330501556396484,63.330501556396484,33910000,-0.4015614092350006
2020-04-21,62.349998474121094,62.7135009765625,60.48550033569336,60.81700134277344,60.81700134277344,43060000,-0.324386994043986
2020-04-22,62.277000427246094,64.28064727783203,62.099998474121094,63.160499572753906,63.160499572753906,41848000,-0.16431499719619752
2020-04-23,63.57749938964844,64.66549682617188,63.28350067138672,63.81549835205078,63.81549835205078,31324000,-0.024231386184692384
2020-04-24,63.05849838256836,64.0199966430664,62.47249984741211,63.96549987792969,63.96549987792969,32792000,-0.0179138978322347
2020-04-27,64.80000305175781,64.80750274658203,63.45000076293945,63.79399871826172,63.79399871826172,32012000,0.0
2020-04-28,64.39649963378906,64.40249633789062,61.61000061035156,61.68349838256836,61.68349838256836,59026000,0.05655720617089953
2020-04-29,67.072998046875,67.99949645996094,66.26699829101562,67.0739974975586,67.0739974975586,75872000,0.4874801605939865
2020-04-30,66.24400329589844,67.64099884033203,66.12449645996094,67.43299865722656,67.43299865722656,53378000,-0.04616653919219971
2020-05-01,66.42500305175781,67.60350036621094,65.55000305175781,66.03050231933594,66.03050231933594,41450000,-0.39049309492111206
2020-05-04,65.4114990234375,66.38300323486328,64.94999694824219,66.33999633789062,66.33999633789062,30080000,0.2423567771911621
2020-05-05,66.89600372314453,68.6969985961914,66.87300109863281,67.55549621582031,67.55549621582031,33030000,0.08206978866032191
2020-05-06,68.08450317382812,68.55599975585938,67.364501953125,67.36499786376953,67.36499786376953,24308000,0.0
2020-05-07,68.2969970703125,68.87999725341797,67.76349639892578,68.62799835205078,68.62799835205078,27952000,0.5669879913330078
2020-05-08,69.15650177001953,69.93800354003906,68.77400207519531,69.41850280761719,69.41850280761719,27738000,-0.19070043563842773
2020-05-11,68.91400146484375,70.82649993896484,68.85759735107422,70.16300201416016,70.16300201416016,28242000,-0.24231018126010895
2020-05-12,70.35600280761719,70.75,68.7385025024414,68.78700256347656,68.78700256347656,27812000,-0.23374539613723755
2020-05-13,68.85250091552734,69.27410125732422,66.41999816894531,67.46649932861328,67.46649932861328,36252000,0.15937194228172302
2020-05-14,66.7509994506836,67.87100219726562,66.19550323486328,67.80650329589844,67.80650329589844,32062000,-0.4663045406341553
2020-05-15,67.5,68.7239990234375,66.94999694824219,68.65950012207031,68.65950012207031,34154000,-0.10682329535484314
2020-05-18,68.0875015258789,69.61624908447266,67.7125015258789,69.1969985961914,69.1969985961914,36448000,0.0
2020-05-19,69.349853515625,69.5999984741211,68.67424774169922,68.67424774169922,68.67424774169922,25612000,0.0
2020-05-20,69.47899627685547,70.52100372314453,69.36250305175781,70.33599853515625,70.33599853515625,33108000,0.026928961277008057
2020-05-21,70.4000015258789,70.77449798583984,69.67250061035156,70.13999938964844,70.13999938964844,27700000,-0.2942597468694051
2020-05-22,69.83550262451172,70.63800048828125,69.59149932861328,70.52100372314453,70.52100372314453,26188000,-0.16959085067113241
2020-05-26,71.8635025024414,72.05000305175781,70.60649871826172,70.85099792480469,70.85099792480469,41212000,0.4435499707857768
2020-05-27,70.86250305175781,71.08699798583984,69.56449890136719,70.89199829101562,70.89199829101562,33716000,-0.10255269706249237
2020-05-28,69.84300231933594,72.04199981689453,69.80000305175781,70.83650207519531,70.83650207519531,33844000,-0.31689269840717316
2020-05-29,70.84700012207031,71.62850189208984,70.6675033569336,71.44599914550781,71.44599914550781,36418000,-0.6115578532218933
2020-06-01,70.91950225830078,71.89800262451172,70.9000015258789,71.59100341796875,71.59100341796875,24342000,0.2255397836367289
2020-06-02,71.52749633789062,71.98049926757812,70.94149780273438,71.96099853515625,71.96099853515625,25562000,0.8697506785392761
2020-06-03,71.91500091552734,72.32759857177734,71.48885345458984,71.81900024414062,71.81900024414062,25124000,-0.15235612789789835
2020-06-04,71.5199966430664,71.947998046875,70.23650360107422,70.60900115966797,70.60900115966797,29686000,-0.17087222139040628
2020-06-05,70.65850067138672,72.25250244140625,70.30000305175781,71.91950225830078,71.91950225830078,34698000,-0.29197903474171955
2020-06-08,71.11699676513672,72.39949798583984,71.11699676513672,72.33049774169922,72.33049774169922,28084000,0.0
2020-06-09,72.26799774169922,73.4000015258789,72.1604995727539,72.80799865722656,72.80799865722656,28184000,0.0
